{"cameraMode":{"drawMode":0,"name":"Shaded","section":"Shading Mode"},"sceneLighting":true,"audioPlay":false,"sceneViewState":{"showFog":true,"showMaterialUpdate":false,"showSkybox":true,"showFlares":true,"showImageEffects":true,"showParticleSystems":true},"in2DMode":false,"pivot":{"x":15.471745491027832,"y":-12.291518211364746,"z":8.110648155212403},"rotation":{"x":-0.12058252096176148,"y":0.8634288907051086,"z":-0.42382484674453738,"w":-0.24566037952899934},"size":22.0,"orthographic":false}