{"cameraMode":{"drawMode":0,"name":"Shaded","section":"Shading Mode"},"sceneLighting":false,"audioPlay":false,"sceneViewState":{"showFog":true,"showMaterialUpdate":false,"showSkybox":false,"showFlares":true,"showImageEffects":true,"showParticleSystems":true},"in2DMode":false,"pivot":{"x":4.959711074829102,"y":20.766510009765626,"z":8.179738998413086},"rotation":{"x":0.22927695512771607,"y":-0.5011906623840332,"z":0.13968446850776673,"w":0.8226407766342163},"size":38.33710479736328,"orthographic":false}