{"cameraMode":{"drawMode":0,"name":"Shaded","section":"Shading Mode"},"sceneLighting":false,"audioPlay":false,"sceneViewState":{"showFog":true,"showMaterialUpdate":false,"showSkybox":true,"showFlares":true,"showImageEffects":true,"showParticleSystems":true},"in2DMode":false,"pivot":{"x":18.837791442871095,"y":-10.394231796264649,"z":15.67911434173584},"rotation":{"x":0.39772412180900576,"y":0.4423828125,"z":-0.23461931943893434,"w":0.7694519758224487},"size":38.51958465576172,"orthographic":false}