{"cameraMode":{"drawMode":0,"name":"Shaded","section":"Shading Mode"},"sceneLighting":true,"audioPlay":false,"sceneViewState":{"showFog":true,"showMaterialUpdate":false,"showSkybox":true,"showFlares":true,"showImageEffects":true,"showParticleSystems":true},"in2DMode":false,"pivot":{"x":42.7828483581543,"y":-12.350875854492188,"z":-24.067325592041017},"rotation":{"x":0.15141716599464417,"y":0.7342507243156433,"z":-0.17408233880996705,"w":0.6385225057601929},"size":41.283905029296878,"orthographic":false}