{"cameraMode":{"drawMode":0,"name":"Shaded","section":"Shading Mode"},"sceneLighting":false,"audioPlay":false,"sceneViewState":{"showFog":true,"showMaterialUpdate":false,"showSkybox":false,"showFlares":true,"showImageEffects":true,"showParticleSystems":true},"in2DMode":false,"pivot":{"x":10.530977249145508,"y":-9.12962818145752,"z":8.294351577758789},"rotation":{"x":0.24600456655025483,"y":0.41586220264434817,"z":-0.1179228350520134,"w":0.8675462603569031},"size":23.339889526367189,"orthographic":false}